Date,SP500,GOLD,RATIO,RATIO_BASE100,MM7
1915-01-01,,19.25,,,
1915-01-02,,19.25,,,
1915-01-03,,19.25,,,
1915-01-04,,19.25,,,
1915-01-05,,19.25,,,
1915-01-06,,19.25,,,
1915-01-07,,19.25,,,
1915-01-08,,19.25,,,
1915-01-09,,19.25,,,
1915-01-10,,19.25,,,
1915-01-11,,19.25,,,
1915-01-12,,19.25,,,
1916-01-01,,19.47,,,
1916-01-02,,19.47,,,
1916-01-03,,19.47,,,
1916-01-04,,19.47,,,
1916-01-05,,19.47,,,
1916-01-06,,19.47,,,
1916-01-07,,19.47,,,
1916-01-08,,19.47,,,
1916-01-09,,19.47,,,
1916-01-10,,19.47,,,
1916-01-11,,19.47,,,
1916-01-12,,19.47,,,
1917-01-01,,19.66,,,
1917-01-02,,19.66,,,
1917-01-03,,19.66,,,
1917-01-04,,19.66,,,
1917-01-05,,19.66,,,
1917-01-06,,19.66,,,
1917-01-07,,19.66,,,
1917-01-08,,19.66,,,
1917-01-09,,19.66,,,
1917-01-10,,19.66,,,
1917-01-11,,19.66,,,
1917-01-12,,19.66,,,
1918-01-01,,19.84,,,
1918-01-02,,19.84,,,
1918-01-03,,19.84,,,
1918-01-04,,19.84,,,
1918-01-05,,19.84,,,
1918-01-06,,19.84,,,
1918-01-07,,19.84,,,
1918-01-08,,19.84,,,
1918-01-09,,19.84,,,
1918-01-10,,19.84,,,
1918-01-11,,19.84,,,
1918-01-12,,19.84,,,
1919-01-01,,20.03,,,
1919-01-02,,20.03,,,
1919-01-03,,20.03,,,
1919-01-04,,20.03,,,
1919-01-05,,20.03,,,
1919-01-06,,20.03,,,
1919-01-07,,20.03,,,
1919-01-08,,20.03,,,
1919-01-09,,20.03,,,
1919-01-10,,20.03,,,
1919-01-11,,20.03,,,
1919-01-12,,20.03,,,
1920-01-01,,20.63,,,
1920-01-02,,20.63,,,
1920-01-03,,20.63,,,
1920-01-04,,20.63,,,
1920-01-05,,20.63,,,
1920-01-06,,20.63,,,
1920-01-07,,20.63,,,
1920-01-08,,20.63,,,
1920-01-09,,20.63,,,
1920-01-10,,20.63,,,
1920-01-11,,20.63,,,
1920-01-12,,20.63,,,
1921-01-01,,20.69,,,
1921-01-02,,20.69,,,
1921-01-03,,20.69,,,
1921-01-04,,20.69,,,
1921-01-05,,20.69,,,
1921-01-06,,20.69,,,
1921-01-07,,20.69,,,
1921-01-08,,20.69,,,
1921-01-09,,20.69,,,
1921-01-10,,20.69,,,
1921-01-11,,20.69,,,
1921-01-12,,20.69,,,
1922-01-01,,20.84,,,
1922-01-02,,20.84,,,
1922-01-03,,20.84,,,
1922-01-04,,20.84,,,
1922-01-05,,20.84,,,
1922-01-06,,20.84,,,
1922-01-07,,20.84,,,
1922-01-08,,20.84,,,
1922-01-09,,20.84,,,
1922-01-10,,20.84,,,
1922-01-11,,20.84,,,
1922-01-12,,20.84,,,
1923-01-01,,20.75,,,
1923-01-02,,20.75,,,
1923-01-03,,20.75,,,
1923-01-04,,20.75,,,
1923-01-05,,20.75,,,
1923-01-06,,20.75,,,
1923-01-07,,20.75,,,
1923-01-08,,20.75,,,
1923-01-09,,20.75,,,
1923-01-10,,20.75,,,
1923-01-11,,20.75,,,
1923-01-12,,20.75,,,
1924-01-01,,20.78,,,
1924-01-02,,20.78,,,
1924-01-03,,20.78,,,
1924-01-04,,20.78,,,
1924-01-05,,20.78,,,
1924-01-06,,20.78,,,
1924-01-07,,20.78,,,
1924-01-08,,20.78,,,
1924-01-09,,20.78,,,
1924-01-10,,20.78,,,
1924-01-11,,20.78,,,
1924-01-12,,20.78,,,
1925-01-01,,20.75,,,
1925-01-02,,20.75,,,
1925-01-03,,20.75,,,
1925-01-04,,20.75,,,
1925-01-05,,20.75,,,
1925-01-06,,20.75,,,
1925-01-07,,20.75,,,
1925-01-08,,20.75,,,
1925-01-09,,20.75,,,
1925-01-10,,20.75,,,
1925-01-11,,20.75,,,
1925-01-12,,20.75,,,
1926-01-01,,20.72,,,
1926-01-02,,20.72,,,
1926-01-03,,20.72,,,
1926-01-04,,20.72,,,
1926-01-05,,20.72,,,
1926-01-06,,20.72,,,
1926-01-07,,20.72,,,
1926-01-08,,20.72,,,
1926-01-09,,20.72,,,
1926-01-10,,20.72,,,
1926-01-11,,20.72,,,
1926-01-12,,20.72,,,
1927-01-01,,20.75,,,
1927-01-02,,20.75,,,
1927-01-03,,20.75,,,
1927-01-04,,20.75,,,
1927-01-05,,20.75,,,
1927-01-06,,20.75,,,
1927-01-07,,20.75,,,
1927-01-08,,20.75,,,
1927-01-09,,20.75,,,
1927-01-10,,20.75,,,
1927-01-11,,20.75,,,
1927-01-12,,20.75,,,
1927-12-31,17.66,,,,
1928-01-01,,20.78,,,
1928-01-02,,20.78,,,
1928-01-03,,20.78,,,
1928-01-04,,20.78,,,
1928-01-05,,20.78,,,
1928-01-06,,20.78,,,
1928-01-07,,20.78,,,
1928-01-08,,20.78,,,
1928-01-09,,20.78,,,
1928-01-10,,20.78,,,
1928-01-11,,20.78,,,
1928-01-12,,20.78,,,
1928-01-31,17.57,,,,
1928-02-29,17.26,,,,
1928-03-31,19.28,,,,
1928-04-30,19.75,,,,
1928-05-31,20.0,,,,
1928-06-30,19.14,,,,
1928-07-31,19.43,,,,
1928-08-31,20.87,,,,
1928-09-29,21.14,,,,
1928-10-31,21.68,,,,
1928-11-30,24.28,,,,
1928-12-31,24.35,,,,
1929-01-01,,20.72,,,
1929-01-02,,20.72,,,
1929-01-03,,20.72,,,
1929-01-04,,20.72,,,
1929-01-05,,20.72,,,
1929-01-06,,20.72,,,
1929-01-07,,20.72,,,
1929-01-08,,20.72,,,
1929-01-09,,20.72,,,
1929-01-10,,20.72,,,
1929-01-11,,20.72,,,
1929-01-12,,20.72,,,
1929-01-31,25.74,,,,
1929-02-28,25.59,,,,
1929-03-28,25.53,,,,
1929-04-30,25.94,,,,
1929-05-31,24.83,,,,
1929-06-29,27.41,,,,
1929-07-31,28.88,,,,
1929-08-30,31.71,,,,
1929-09-30,30.16,,,,
1929-10-31,24.15,,,,
1929-11-27,20.92,,,,
1929-12-31,21.45,,,,
1930-01-01,,20.69,,,
1930-01-02,,20.69,,,
1930-01-03,,20.69,,,
1930-01-04,,20.69,,,
1930-01-05,,20.69,,,
1930-01-06,,20.69,,,
1930-01-07,,20.69,,,
1930-01-08,,20.69,,,
1930-01-09,,20.69,,,
1930-01-10,,20.69,,,
1930-01-11,,20.69,,,
1930-01-12,,20.69,,,
1930-01-31,22.79,,,,
1930-02-28,23.28,,,,
1930-03-31,24.15,,,,
1930-04-30,24.9,,,,
1930-05-29,24.49,,,,
1930-06-30,20.46,,,,
1930-07-31,21.21,,,,
1930-08-29,21.37,,,,
1930-09-30,18.59,,,,
1930-10-31,16.94,,,,
1930-11-29,16.57,,,,
1930-12-31,15.34,,,,
1931-01-01,,22.59,,,
1931-01-02,,22.59,,,
1931-01-03,,22.59,,,
1931-01-04,,22.59,,,
1931-01-05,,22.59,,,
1931-01-06,,22.59,,,
1931-01-07,,22.59,,,
1931-01-08,,22.59,,,
1931-01-09,,22.59,,,
1931-01-10,,22.59,,,
1931-01-11,,22.59,,,
1931-01-12,,22.59,,,
1931-01-31,16.09,,,,
1931-02-28,17.93,,,,
1931-03-31,16.69,,,,
1931-04-30,15.09,,,,
1931-05-29,13.02,,,,
1931-06-30,14.83,,,,
1931-07-31,13.73,,,,
1931-08-31,13.86,,,,
1931-09-30,9.71,,,,
1931-10-31,10.53,,,,
1931-11-30,9.5,,,,
1931-12-31,8.12,,,,
1932-01-01,,20.78,,,
1932-01-02,,20.78,,,
1932-01-03,,20.78,,,
1932-01-04,,20.78,,,
1932-01-05,,20.78,,,
1932-01-06,,20.78,,,
1932-01-07,,20.78,,,
1932-01-08,,20.78,,,
1932-01-09,,20.78,,,
1932-01-10,,20.78,,,
1932-01-11,,20.78,,,
1932-01-12,,20.78,,,
1932-01-30,7.89,,,,
1932-02-29,8.29,,,,
1932-03-31,7.31,,,,
1932-04-30,5.83,,,,
1932-05-31,4.47,,,,
1932-06-30,4.43,,,,
1932-07-30,6.1,,,,
1932-08-31,8.39,,,,
1932-09-30,8.08,,,,
1932-10-31,6.96,,,,
1932-11-30,6.55,,,,
1932-12-31,6.89,,,,
1933-01-01,,26.47,,,
1933-01-02,,26.47,,,
1933-01-03,,26.47,,,
1933-01-04,,26.47,,,
1933-01-05,,26.47,,,
1933-01-06,,26.47,,,
1933-01-07,,26.47,,,
1933-01-08,,26.47,,,
1933-01-09,,26.47,,,
1933-01-10,,26.47,,,
1933-01-11,,26.47,,,
1933-01-12,,26.47,,,
1933-01-31,6.94,,,,
1933-02-28,5.66,,,,
1933-03-31,5.85,,,,
1933-04-29,8.32,,,,
1933-05-31,9.64,,,,
1933-06-30,10.91,,,,
1933-07-31,9.95,,,,
1933-08-31,11.09,,,,
1933-09-30,9.83,,,,
1933-10-31,8.96,,,,
1933-11-29,9.88,,,,
1933-12-30,10.1,,,,
1934-01-01,,35.0,,,
1934-01-02,,35.0,,,
1934-01-03,,35.0,,,
1934-01-04,,35.0,,,
1934-01-05,,35.0,,,
1934-01-06,,35.0,,,
1934-01-07,,35.0,,,
1934-01-08,,35.0,,,
1934-01-09,,35.0,,,
1934-01-10,,35.0,,,
1934-01-11,,35.0,,,
1934-01-12,,35.0,,,
1934-01-31,11.17,,,,
1934-02-28,10.76,,,,
1934-03-31,10.75,,,,
1934-04-30,10.46,,,,
1934-05-31,9.61,,,,
1934-06-30,9.81,,,,
1934-07-31,8.68,,,,
1934-08-31,9.15,,,,
1934-09-29,9.1,,,,
1934-10-31,8.81,,,,
1934-11-30,9.54,,,,
1934-12-31,9.5,,,,
1935-01-01,,35.0,,,
1935-01-02,,35.0,,,
1935-01-03,,35.0,,,
1935-01-04,,35.0,,,
1935-01-05,,35.0,,,
1935-01-06,,35.0,,,
1935-01-07,,35.0,,,
1935-01-08,,35.0,,,
1935-01-09,,35.0,,,
1935-01-10,,35.0,,,
1935-01-11,,35.0,,,
1935-01-12,,35.0,,,
1935-01-31,9.1,,,,
1935-02-28,8.74,,,,
1935-03-30,8.47,,,,
1935-04-30,9.28,,,,
1935-05-31,9.58,,,,
1935-06-29,10.23,,,,
1935-07-31,11.08,,,,
1935-08-31,11.32,,,,
1935-09-30,11.59,,,,
1935-10-31,12.46,,,,
1935-11-30,12.95,,,,
1935-12-31,13.43,,,,
1936-01-01,,35.0,,,
1936-01-02,,35.0,,,
1936-01-03,,35.0,,,
1936-01-04,,35.0,,,
1936-01-05,,35.0,,,
1936-01-06,,35.0,,,
1936-01-07,,35.0,,,
1936-01-08,,35.0,,,
1936-01-09,,35.0,,,
1936-01-10,,35.0,,,
1936-01-11,,35.0,,,
1936-01-12,,35.0,,,
1936-01-31,14.31,,,,
1936-02-29,14.55,,,,
1936-03-31,14.92,,,,
1936-04-30,13.77,,,,
1936-05-29,14.4,,,,
1936-06-30,14.84,,,,
1936-07-31,15.85,,,,
1936-08-31,15.99,,,,
1936-09-30,16.01,,,,
1936-10-31,17.21,,,,
1936-11-30,17.28,,,,
1936-12-31,17.18,,,,
1937-01-01,,35.0,,,
1937-01-02,,35.0,,,
1937-01-03,,35.0,,,
1937-01-04,,35.0,,,
1937-01-05,,35.0,,,
1937-01-06,,35.0,,,
1937-01-07,,35.0,,,
1937-01-08,,35.0,,,
1937-01-09,,35.0,,,
1937-01-10,,35.0,,,
1937-01-11,,35.0,,,
1937-01-12,,35.0,,,
1937-01-30,17.83,,,,
1937-02-27,18.09,,,,
1937-03-31,17.92,,,,
1937-04-30,16.43,,,,
1937-05-28,16.26,,,,
1937-06-30,15.4,,,,
1937-07-31,16.98,,,,
1937-08-31,16.04,,,,
1937-09-30,13.76,,,,
1937-10-30,12.36,,,,
1937-11-30,11.11,,,,
1937-12-31,10.55,,,,
1938-01-01,,35.0,,,
1938-01-02,,35.0,,,
1938-01-03,,35.0,,,
1938-01-04,,35.0,,,
1938-01-05,,35.0,,,
1938-01-06,,35.0,,,
1938-01-07,,35.0,,,
1938-01-08,,35.0,,,
1938-01-09,,35.0,,,
1938-01-10,,35.0,,,
1938-01-11,,35.0,,,
1938-01-12,,35.0,,,
1938-01-31,10.69,,,,
1938-02-28,11.34,,,,
1938-03-31,8.5,,,,
1938-04-30,9.7,,,,
1938-05-31,9.27,,,,
1938-06-30,11.56,,,,
1938-07-30,12.4,,,,
1938-08-31,12.06,,,,
1938-09-30,12.24,,,,
1938-10-31,13.17,,,,
1938-11-30,12.73,,,,
1938-12-31,13.21,,,,
1939-01-01,,34.69,,,
1939-01-02,,34.69,,,
1939-01-03,,34.69,,,
1939-01-04,,34.69,,,
1939-01-05,,34.69,,,
1939-01-06,,34.69,,,
1939-01-07,,34.69,,,
1939-01-08,,34.69,,,
1939-01-09,,34.69,,,
1939-01-10,,34.69,,,
1939-01-11,,34.69,,,
1939-01-12,,34.69,,,
1939-01-31,12.3,,,,
1939-02-28,12.7,,,,
1939-03-31,10.98,,,,
1939-04-29,10.92,,,,
1939-05-31,11.6,,,,
1939-06-30,10.86,,,,
1939-07-31,12.04,,,,
1939-08-31,11.18,,,,
1939-09-30,13.02,,,,
1939-10-31,12.83,,,,
1939-11-30,12.2,,,,
1939-12-30,12.49,,,,
1940-01-01,,34.06,,,
1940-01-02,,34.06,,,
1940-01-03,,34.06,,,
1940-01-04,,34.06,,,
1940-01-05,,34.06,,,
1940-01-06,,34.06,,,
1940-01-07,,34.06,,,
1940-01-08,,34.06,,,
1940-01-09,,34.06,,,
1940-01-10,,34.06,,,
1940-01-11,,34.06,,,
1940-01-12,,34.06,,,
1940-01-31,12.05,,,,
1940-02-29,12.13,,,,
1940-03-30,12.25,,,,
1940-04-30,12.19,,,,
1940-05-31,9.27,,,,
1940-06-29,9.98,,,,
1940-07-31,10.29,,,,
1940-08-31,10.56,,,,
1940-09-30,10.66,,,,
1940-10-31,11.08,,,,
1940-11-30,10.61,,,,
1940-12-31,10.58,,,,
1941-01-01,,34.06,,,
1941-01-02,,34.06,,,
1941-01-03,,34.06,,,
1941-01-04,,34.06,,,
1941-01-05,,34.06,,,
1941-01-06,,34.06,,,
1941-01-07,,34.06,,,
1941-01-08,,34.06,,,
1941-01-09,,34.06,,,
1941-01-10,,34.06,,,
1941-01-11,,34.06,,,
1941-01-12,,34.06,,,
1941-01-31,10.07,,,,
1941-02-28,9.92,,,,
1941-03-31,9.96,,,,
1941-04-30,9.31,,,,
1941-05-31,9.35,,,,
1941-06-30,9.85,,,,
1941-07-31,10.39,,,,
1941-08-30,10.3,,,,
1941-09-30,10.2,,,,
1941-10-31,9.5,,,,
1941-11-29,9.1,,,,
1941-12-31,8.69,,,,
1942-01-01,,34.06,,,
1942-01-02,,34.06,,,
1942-01-03,,34.06,,,
1942-01-04,,34.06,,,
1942-01-05,,34.06,,,
1942-01-06,,34.06,,,
1942-01-07,,34.06,,,
1942-01-08,,34.06,,,
1942-01-09,,34.06,,,
1942-01-10,,34.06,,,
1942-01-11,,34.06,,,
1942-01-12,,34.06,,,
1942-01-31,8.81,,,,
1942-02-28,8.59,,,,
1942-03-31,8.01,,,,
1942-04-30,7.66,,,,
1942-05-29,8.15,,,,
1942-06-30,8.3,,,,
1942-07-31,8.56,,,,
1942-08-31,8.62,,,,
1942-09-30,8.85,,,,
1942-10-31,9.42,,,,
1942-11-30,9.29,,,,
1942-12-31,9.77,,,,
1943-01-01,,34.06,,,
1943-01-02,,34.06,,,
1943-01-03,,34.06,,,
1943-01-04,,34.06,,,
1943-01-05,,34.06,,,
1943-01-06,,34.06,,,
1943-01-07,,34.06,,,
1943-01-08,,34.06,,,
1943-01-09,,34.06,,,
1943-01-10,,34.06,,,
1943-01-11,,34.06,,,
1943-01-12,,34.06,,,
1943-01-30,10.47,,,,
1943-02-27,11.0,,,,
1943-03-31,11.58,,,,
1943-04-30,11.59,,,,
1943-05-29,12.11,,,,
1943-06-30,12.35,,,,
1943-07-31,11.68,,,,
1943-08-31,11.8,,,,
1943-09-30,12.08,,,,
1943-10-30,11.92,,,,
1943-11-30,11.02,,,,
1943-12-31,11.67,,,,
1944-01-01,,34.06,,,
1944-01-02,,34.06,,,
1944-01-03,,34.06,,,
1944-01-04,,34.06,,,
1944-01-05,,34.06,,,
1944-01-06,,34.06,,,
1944-01-07,,34.06,,,
1944-01-08,,34.06,,,
1944-01-09,,34.06,,,
1944-01-10,,34.06,,,
1944-01-11,,34.06,,,
1944-01-12,,34.06,,,
1944-01-31,11.85,,,,
1944-02-29,11.82,,,,
1944-03-31,12.02,,,,
1944-04-29,11.87,,,,
1944-05-31,12.35,,,,
1944-06-30,12.98,,,,
1944-07-31,12.71,,,,
1944-08-31,12.82,,,,
1944-09-30,12.78,,,,
1944-10-31,12.78,,,,
1944-11-30,12.83,,,,
1944-12-30,13.28,,,,
1945-01-01,,35.0,,,
1945-01-02,,35.0,,,
1945-01-03,,35.0,,,
1945-01-04,,35.0,,,
1945-01-05,,35.0,,,
1945-01-06,,35.0,,,
1945-01-07,,35.0,,,
1945-01-08,,35.0,,,
1945-01-09,,35.0,,,
1945-01-10,,35.0,,,
1945-01-11,,35.0,,,
1945-01-12,,35.0,,,
1945-01-31,13.47,,,,
1945-02-28,14.3,,,,
1945-03-31,13.64,,,,
1945-04-30,14.84,,,,
1945-05-31,15.01,,,,
1945-06-30,14.96,,,,
1945-07-31,14.66,,,,
1945-08-31,15.51,,,,
1945-09-29,16.16,,,,
1945-10-31,16.65,,,,
1945-11-30,17.19,,,,
1945-12-31,17.36,,,,
1946-01-01,,35.0,,,
1946-01-02,,35.0,,,
1946-01-03,,35.0,,,
1946-01-04,,35.0,,,
1946-01-05,,35.0,,,
1946-01-06,,35.0,,,
1946-01-07,,35.0,,,
1946-01-08,,35.0,,,
1946-01-09,,35.0,,,
1946-01-10,,35.0,,,
1946-01-11,,35.0,,,
1946-01-12,,35.0,,,
1946-01-31,18.57,,,,
1946-02-28,17.28,,,,
1946-03-30,18.08,,,,
1946-04-30,18.76,,,,
1946-05-31,19.18,,,,
1946-06-28,18.43,,,,
1946-07-31,17.96,,,,
1946-08-30,16.65,,,,
1946-09-30,14.96,,,,
1946-10-31,14.84,,,,
1946-11-30,14.67,,,,
1946-12-31,15.3,,,,
1947-01-01,,35.0,,,
1947-01-02,,35.0,,,
1947-01-03,,35.0,,,
1947-01-04,,35.0,,,
1947-01-05,,35.0,,,
1947-01-06,,35.0,,,
1947-01-07,,35.0,,,
1947-01-08,,35.0,,,
1947-01-09,,35.0,,,
1947-01-10,,35.0,,,
1947-01-11,,35.0,,,
1947-01-12,,35.0,,,
1947-01-31,15.66,,,,
1947-02-28,15.43,,,,
1947-03-31,15.17,,,,
1947-04-30,14.58,,,,
1947-05-29,14.45,,,,
1947-06-30,15.21,,,,
1947-07-31,15.76,,,,
1947-08-29,15.32,,,,
1947-09-30,15.11,,,,
1947-10-31,15.43,,,,
1947-11-29,14.99,,,,
1947-12-31,15.3,,,,
1948-01-01,,35.0,,,
1948-01-02,,35.0,,,
1948-01-03,,35.0,,,
1948-01-04,,35.0,,,
1948-01-05,,35.0,,,
1948-01-06,,35.0,,,
1948-01-07,,35.0,,,
1948-01-08,,35.0,,,
1948-01-09,,35.0,,,
1948-01-10,,35.0,,,
1948-01-11,,35.0,,,
1948-01-12,,35.0,,,
1948-01-31,14.69,,,,
1948-02-28,14.0,,,,
1948-03-31,15.08,,,,
1948-04-30,15.48,,,,
1948-05-28,16.69,,,,
1948-06-30,16.74,,,,
1948-07-30,15.85,,,,
1948-08-31,15.97,,,,
1948-09-30,15.49,,,,
1948-10-30,16.54,,,,
1948-11-30,14.75,,,,
1948-12-31,15.2,,,,
1949-01-01,,31.88,,,
1949-01-02,,31.88,,,
1949-01-03,,31.88,,,
1949-01-04,,31.88,,,
1949-01-05,,31.88,,,
1949-01-06,,31.88,,,
1949-01-07,,31.88,,,
1949-01-08,,31.88,,,
1949-01-09,,31.88,,,
1949-01-10,,31.88,,,
1949-01-11,,31.88,,,
1949-01-12,,31.88,,,
1949-01-31,15.22,,,,
1949-02-28,14.62,,,,
1949-03-31,15.06,,,,
1949-04-30,14.74,,,,
1949-05-31,14.19,,,,
1949-06-30,14.16,,,,
1949-07-29,15.04,,,,
1949-08-31,15.22,,,,
1949-09-30,15.58,,,,
1949-10-31,16.04,,,,
1949-11-30,16.06,,,,
1949-12-31,16.76,,,,
1950-01-01,,35.0,,,
1950-01-02,,35.0,,,
1950-01-03,,35.0,,,
1950-01-04,,35.0,,,
1950-01-05,,35.0,,,
1950-01-06,,35.0,,,
1950-01-07,,35.0,,,
1950-01-08,,35.0,,,
1950-01-09,,35.0,,,
1950-01-10,,35.0,,,
1950-01-11,,35.0,,,
1950-01-12,,35.0,,,
1950-01-31,17.05,,,,
1950-02-28,17.22,,,,
1950-03-31,17.29,,,,
1950-04-29,18.07,,,,
1950-05-31,18.78,,,,
1950-06-30,17.69,,,,
1950-07-31,17.84,,,,
1950-08-31,18.42,,,,
1950-09-29,19.45,,,,
1950-10-31,19.53,,,,
1950-11-30,19.51,,,,
1950-12-30,20.41,,,,
1951-01-01,,35.0,,,
1951-01-02,,35.0,,,
1951-01-03,,35.0,,,
1951-01-04,,35.0,,,
1951-01-05,,35.0,,,
1951-01-06,,35.0,,,
1951-01-07,,35.0,,,
1951-01-08,,35.0,,,
1951-01-09,,35.0,,,
1951-01-10,,35.0,,,
1951-01-11,,35.0,,,
1951-01-12,,35.0,,,
1951-01-31,21.66,,,,
1951-02-28,21.8,,,,
1951-03-31,21.4,,,,
1951-04-30,22.43,,,,
1951-05-31,21.52,,,,
1951-06-29,20.96,,,,
1951-07-31,22.4,,,,
1951-08-31,23.28,,,,
1951-09-28,23.26,,,,
1951-10-31,22.94,,,,
1951-11-30,22.88,,,,
1951-12-31,23.77,,,,
1952-01-01,,34.69,,,
1952-01-02,,34.69,,,
1952-01-03,,34.69,,,
1952-01-04,,34.69,,,
1952-01-05,,34.69,,,
1952-01-06,,34.69,,,
1952-01-07,,34.69,,,
1952-01-08,,34.69,,,
1952-01-09,,34.69,,,
1952-01-10,,34.69,,,
1952-01-11,,34.69,,,
1952-01-12,,34.69,,,
1952-01-31,24.14,,,,
1952-02-29,23.26,,,,
1952-03-31,24.37,,,,
1952-04-30,23.32,,,,
1952-05-29,23.86,,,,
1952-06-30,24.96,,,,
1952-07-31,25.4,,,,
1952-08-29,25.03,,,,
1952-09-30,24.54,,,,
1952-10-31,24.52,,,,
1952-11-28,25.66,,,,
1952-12-31,26.57,,,,
1953-01-01,,35.0,,,
1953-01-02,,35.0,,,
1953-01-03,,35.0,,,
1953-01-04,,35.0,,,
1953-01-05,,35.0,,,
1953-01-06,,35.0,,,
1953-01-07,,35.0,,,
1953-01-08,,35.0,,,
1953-01-09,,35.0,,,
1953-01-10,,35.0,,,
1953-01-11,,35.0,,,
1953-01-12,,35.0,,,
1953-01-30,26.38,,,,
1953-02-27,25.9,,,,
1953-03-31,25.29,,,,
1953-04-30,24.62,,,,
1953-05-29,24.54,,,,
1953-06-30,24.14,,,,
1953-07-31,24.75,,,,
1953-08-31,23.32,,,,
1953-09-30,23.35,,,,
1953-10-30,24.54,,,,
1953-11-30,24.76,,,,
1953-12-31,24.81,,,,
1954-01-01,,35.31,,,
1954-01-02,,35.31,,,
1954-01-03,,35.31,,,
1954-01-04,,35.31,,,
1954-01-05,,35.31,,,
1954-01-06,,35.31,,,
1954-01-07,,35.31,,,
1954-01-08,,35.31,,,
1954-01-09,,35.31,,,
1954-01-10,,35.31,,,
1954-01-11,,35.31,,,
1954-01-12,,35.31,,,
1954-01-29,26.08,,,,
1954-02-26,26.15,,,,
1954-03-31,26.94,,,,
1954-04-30,28.26,,,,
1954-05-28,29.19,,,,
1954-06-30,29.21,,,,
1954-07-30,30.88,,,,
1954-08-31,29.83,,,,
1954-09-30,32.31,,,,
1954-10-29,31.68,,,,
1954-11-30,34.24,,,,
1954-12-31,35.98,,,,
1955-01-01,,35.31,,,
1955-01-02,,35.31,,,
1955-01-03,,35.31,,,
1955-01-04,,35.31,,,
1955-01-05,,35.31,,,
1955-01-06,,35.31,,,
1955-01-07,,35.31,,,
1955-01-08,,35.31,,,
1955-01-09,,35.31,,,
1955-01-10,,35.31,,,
1955-01-11,,35.31,,,
1955-01-12,,35.31,,,
1955-01-31,36.63,,,,
1955-02-28,36.76,,,,
1955-03-31,36.58,,,,
1955-04-29,37.96,,,,
1955-05-31,37.91,,,,
1955-06-30,41.03,,,,
1955-07-29,43.52,,,,
1955-08-31,43.18,,,,
1955-09-30,43.67,,,,
1955-10-31,42.34,,,,
1955-11-30,45.51,,,,
1955-12-30,45.48,,,,
1956-01-01,,35.31,,,
1956-01-02,,35.31,,,
1956-01-03,,35.31,,,
1956-01-04,,35.31,,,
1956-01-05,,35.31,,,
1956-01-06,,35.31,,,
1956-01-07,,35.31,,,
1956-01-08,,35.31,,,
1956-01-09,,35.31,,,
1956-01-10,,35.31,,,
1956-01-11,,35.31,,,
1956-01-12,,35.31,,,
1956-01-31,43.82,,,,
1956-02-29,45.34,,,,
1956-03-29,48.48,,,,
1956-04-30,48.38,,,,
1956-05-31,45.2,,,,
1956-06-29,46.97,,,,
1956-07-31,49.39,,,,
1956-08-31,47.51,,,,
1956-09-28,45.35,,,,
1956-10-31,45.58,,,,
1956-11-30,45.08,,,,
1956-12-31,46.67,,,,
1957-01-01,,35.0,,,
1957-01-02,,35.0,,,
1957-01-03,,35.0,,,
1957-01-04,,35.0,,,
1957-01-05,,35.0,,,
1957-01-06,,35.0,,,
1957-01-07,,35.0,,,
1957-01-08,,35.0,,,
1957-01-09,,35.0,,,
1957-01-10,,35.0,,,
1957-01-11,,35.0,,,
1957-01-12,,35.0,,,
1957-01-31,44.72,,,,
1957-02-28,43.26,,,,
1957-03-29,44.11,,,,
1957-04-30,45.74,,,,
1957-05-31,47.43,,,,
1957-06-28,47.37,,,,
1957-07-31,47.91,,,,
1957-08-30,45.22,,,,
1957-09-30,42.42,,,,
1957-10-31,41.06,,,,
1957-11-29,41.72,,,,
1957-12-31,39.99,,,,
1958-01-01,,35.31,,,
1958-01-02,,35.31,,,
1958-01-03,,35.31,,,
1958-01-04,,35.31,,,
1958-01-05,,35.31,,,
1958-01-06,,35.31,,,
1958-01-07,,35.31,,,
1958-01-08,,35.31,,,
1958-01-09,,35.31,,,
1958-01-10,,35.31,,,
1958-01-11,,35.31,,,
1958-01-12,,35.31,,,
1958-01-31,41.7,,,,
1958-02-28,40.84,,,,
1958-03-31,42.1,,,,
1958-04-30,43.44,,,,
1958-05-29,44.09,,,,
1958-06-30,45.24,,,,
1958-07-31,47.19,,,,
1958-08-29,47.75,,,,
1958-09-30,50.06,,,,
1958-10-31,51.33,,,,
1958-11-28,52.48,,,,
1958-12-31,55.21,,,,
1959-01-01,,35.31,,,
1959-01-02,,35.31,,,
1959-01-03,,35.31,,,
1959-01-04,,35.31,,,
1959-01-05,,35.31,,,
1959-01-06,,35.31,,,
1959-01-07,,35.31,,,
1959-01-08,,35.31,,,
1959-01-09,,35.31,,,
1959-01-10,,35.31,,,
1959-01-11,,35.31,,,
1959-01-12,,35.31,,,
1959-01-30,55.45,,,,
1959-02-27,55.41,,,,
1959-03-31,55.44,,,,
1959-04-30,57.59,,,,
1959-05-29,58.68,,,,
1959-06-30,58.47,,,,
1959-07-31,60.51,,,,
1959-08-31,59.6,,,,
1959-09-30,56.88,,,,
1959-10-30,57.52,,,,
1959-11-30,58.28,,,,
1959-12-31,59.89,,,,
1960-01-01,,35.31,,,
1960-01-02,,35.31,,,
1960-01-03,,35.31,,,
1960-01-04,,35.31,,,
1960-01-05,,35.31,,,
1960-01-06,,35.31,,,
1960-01-07,,35.31,,,
1960-01-08,,35.31,,,
1960-01-09,,35.31,,,
1960-01-10,,35.31,,,
1960-01-11,,35.31,,,
1960-01-12,,35.31,,,
1960-01-29,55.61,,,,
1960-02-29,56.12,,,,
1960-03-31,55.34,,,,
1960-04-29,54.37,,,,
1960-05-31,55.83,,,,
1960-06-30,56.92,,,,
1960-07-29,55.51,,,,
1960-08-31,56.96,,,,
1960-09-30,53.52,,,,
1960-10-31,53.39,,,,
1960-11-30,55.54,,,,
1960-12-30,58.11,,,,
1961-01-01,,35.31,,,
1961-01-02,,35.31,,,
1961-01-03,,35.31,,,
1961-01-04,,35.31,,,
1961-01-05,,35.31,,,
1961-01-06,,35.31,,,
1961-01-07,,35.31,,,
1961-01-08,,35.31,,,
1961-01-09,,35.31,,,
1961-01-10,,35.31,,,
1961-01-11,,35.31,,,
1961-01-12,,35.31,,,
1961-01-31,61.78,,,,
1961-02-28,63.44,,,,
1961-03-30,65.06,,,,
1961-04-28,65.31,,,,
1961-05-31,66.56,,,,
1961-06-30,64.64,,,,
1961-07-31,66.76,,,,
1961-08-31,68.07,,,,
1961-09-29,66.73,,,,
1961-10-31,68.62,,,,
1961-11-30,71.32,,,,
1961-12-29,71.55,,,,
1962-01-01,,35.31,,,
1962-01-02,,35.31,,,
1962-01-03,,35.31,,,
1962-01-04,,35.31,,,
1962-01-05,,35.31,,,
1962-01-06,,35.31,,,
1962-01-07,,35.31,,,
1962-01-08,,35.31,,,
1962-01-09,,35.31,,,
1962-01-10,,35.31,,,
1962-01-11,,35.31,,,
1962-01-12,,35.31,,,
1962-01-31,68.84,,,,
1962-02-28,69.96,,,,
1962-03-30,69.55,,,,
1962-04-30,65.24,,,,
1962-05-31,59.63,,,,
1962-06-29,54.75,,,,
1962-07-31,58.23,,,,
1962-08-31,59.12,,,,
1962-09-28,56.27,,,,
1962-10-31,56.52,,,,
1962-11-30,62.26,,,,
1962-12-31,63.1,,,,
1963-01-01,,35.31,,,
1963-01-02,,35.31,,,
1963-01-03,,35.31,,,
1963-01-04,,35.31,,,
1963-01-05,,35.31,,,
1963-01-06,,35.31,,,
1963-01-07,,35.31,,,
1963-01-08,,35.31,,,
1963-01-09,,35.31,,,
1963-01-10,,35.31,,,
1963-01-11,,35.31,,,
1963-01-12,,35.31,,,
1963-01-31,66.2,,,,
1963-02-28,64.29,,,,
1963-03-29,66.57,,,,
1963-04-30,69.8,,,,
1963-05-31,70.8,,,,
1963-06-28,69.37,,,,
1963-07-31,69.13,,,,
1963-08-30,72.5,,,,
1963-09-30,71.7,,,,
1963-10-31,74.01,,,,
1963-11-29,73.23,,,,
1963-12-31,75.02,,,,
1964-01-01,,35.31,,,
1964-01-02,,35.31,,,
1964-01-03,,35.31,,,
1964-01-04,,35.31,,,
1964-01-05,,35.31,,,
1964-01-06,,35.31,,,
1964-01-07,,35.31,,,
1964-01-08,,35.31,,,
1964-01-09,,35.31,,,
1964-01-10,,35.31,,,
1964-01-11,,35.31,,,
1964-01-12,,35.31,,,
1964-01-31,77.04,,,,
1964-02-28,77.8,,,,
1964-03-31,78.98,,,,
1964-04-30,79.46,,,,
1964-05-28,80.37,,,,
1964-06-30,81.69,,,,
1964-07-31,83.18,,,,
1964-08-31,81.83,,,,
1964-09-30,84.18,,,,
1964-10-30,84.86,,,,
1964-11-30,84.42,,,,
1964-12-31,84.75,,,,
1965-01-01,,35.31,,,
1965-01-02,,35.31,,,
1965-01-03,,35.31,,,
1965-01-04,,35.31,,,
1965-01-05,,35.31,,,
1965-01-06,,35.31,,,
1965-01-07,,35.31,,,
1965-01-08,,35.31,,,
1965-01-09,,35.31,,,
1965-01-10,,35.31,,,
1965-01-11,,35.31,,,
1965-01-12,,35.31,,,
1965-01-29,87.56,,,,
1965-02-26,87.43,,,,
1965-03-31,86.16,,,,
1965-04-30,89.11,,,,
1965-05-28,88.42,,,,
1965-06-30,84.12,,,,
1965-07-30,85.25,,,,
1965-08-31,87.17,,,,
1965-09-30,89.96,,,,
1965-10-29,92.42,,,,
1965-11-30,91.61,,,,
1965-12-31,92.43,,,,
1966-01-01,,35.31,,,
1966-01-02,,35.31,,,
1966-01-03,,35.31,,,
1966-01-04,,35.31,,,
1966-01-05,,35.31,,,
1966-01-06,,35.31,,,
1966-01-07,,35.31,,,
1966-01-08,,35.31,,,
1966-01-09,,35.31,,,
1966-01-10,,35.31,,,
1966-01-11,,35.31,,,
1966-01-12,,35.31,,,
1966-01-31,92.88,,,,
1966-02-28,91.22,,,,
1966-03-31,89.23,,,,
1966-04-29,91.06,,,,
1966-05-31,86.13,,,,
1966-06-30,84.74,,,,
1966-07-29,83.6,,,,
1966-08-31,77.1,,,,
1966-09-30,76.56,,,,
1966-10-31,80.2,,,,
1966-11-30,80.45,,,,
1966-12-30,80.33,,,,
1967-01-01,,35.31,,,
1967-01-02,,35.31,,,
1967-01-03,,35.31,,,
1967-01-04,,35.31,,,
1967-01-05,,35.31,,,
1967-01-06,,35.31,,,
1967-01-07,,35.31,,,
1967-01-08,,35.31,,,
1967-01-09,,35.31,,,
1967-01-10,,35.31,,,
1967-01-11,,35.31,,,
1967-01-12,,35.31,,,
1967-01-31,86.61,,,,
1967-02-28,86.78,,,,
1967-03-31,90.2,,,,
1967-04-28,94.01,,,,
1967-05-31,89.08,,,,
1967-06-30,90.64,,,,
1967-07-31,94.75,,,,
1967-08-31,93.64,,,,
1967-09-29,96.71,,,,
1967-10-31,93.3,,,,
1967-11-30,94.0,,,,
1967-12-29,96.47,,,,
1968-01-01,,40.31,,,
1968-01-02,,40.31,,,
1968-01-03,,40.31,,,
1968-01-04,,39.1,,,
1968-01-05,,42.0,,,
1968-01-06,,40.95,,,
1968-01-07,,38.9,,,
1968-01-08,,39.85,,,
1968-01-09,,39.7,,,
1968-01-10,,39.2,,,
1968-01-11,,39.85,,,
1968-01-12,,41.95,,,
1968-01-31,92.24,,,,
1968-02-29,89.36,,,,
1968-03-29,90.2,,,,
1968-04-30,97.46,,,,
1968-05-31,98.68,,,,
1968-06-28,99.58,,,,
1968-07-30,97.74,,,,
1968-08-30,98.86,,,,
1968-09-30,102.67,,,,
1968-10-31,103.41,,,,
1968-11-29,108.37,,,,
1968-12-31,103.86,,,,
1969-01-01,,42.55,,,
1969-01-02,,42.78,,,
1969-01-03,,43.1,,,
1969-01-04,,43.6,,,
1969-01-05,,43.15,,,
1969-01-06,,41.23,,,
1969-01-07,,41.45,,,
1969-01-08,,40.95,,,
1969-01-09,,40.65,,,
1969-01-10,,39.85,,,
1969-01-11,,35.55,,,
1969-01-12,,35.21,,,
1969-01-31,103.01,,,,
1969-02-28,98.13,,,,
1969-03-28,101.51,,,,
1969-04-30,103.69,,,,
1969-05-29,103.46,,,,
1969-06-30,97.71,,,,
1969-07-31,91.83,,,,
1969-08-29,95.51,,,,
1969-09-30,93.12,,,,
1969-10-31,97.12,,,,
1969-11-28,93.81,,,,
1969-12-31,92.06,,,,
1970-01-01,,34.98,,,
1970-01-02,,35.0,,,
1970-01-03,,35.3,,,
1970-01-04,,35.85,,,
1970-01-05,,35.5,,,
1970-01-06,,35.51,,,
1970-01-07,,35.29,,,
1970-01-08,,35.78,,,
1970-01-09,,36.24,,,
1970-01-10,,37.4,,,
1970-01-11,,37.6,,,
1970-01-12,,37.38,,,
1970-01-30,85.02,,,,
1970-02-27,89.5,,,,
1970-03-31,89.63,,,,
1970-04-30,81.52,,,,
1970-05-29,76.55,,,,
1970-06-30,72.72,,,,
1970-07-31,78.05,,,,
1970-08-31,81.52,,,,
1970-09-30,84.3,,,,
1970-10-30,83.25,,,,
1970-11-30,87.2,,,,
1970-12-31,92.15,,,,
1971-01-01,,38.0,,,
1971-01-02,,38.79,,,
1971-01-03,,38.8,,,
1971-01-04,,39.6,,,
1971-01-05,,40.8,,,
1971-01-06,,40.2,,,
1971-01-07,,42.48,,,
1971-01-08,,41.0,,,
1971-01-09,,42.48,,,
1971-01-10,,42.4,,,
1971-01-11,,43.55,,,
1971-01-12,,43.5,,,
1971-01-29,95.88,,,,
1971-02-26,96.75,,,,
1971-03-31,100.31,,,,
1971-04-30,103.95,,,,
1971-05-28,99.63,,,,
1971-06-30,98.7,,,,
1971-07-30,95.58,,,,
1971-08-31,99.03,,,,
1971-09-30,98.34,,,,
1971-10-29,94.23,,,,
1971-11-30,93.99,,,,
1971-12-31,102.09,,,,
1972-01-01,,46.95,,,
1972-01-02,,48.4,,,
1972-01-03,,48.38,,,
1972-01-04,,49.5,,,
1972-01-05,,59.3,,,
1972-01-06,,64.1,,,
1972-01-07,,68.9,,,
1972-01-08,,66.8,,,
1972-01-09,,64.1,,,
1972-01-10,,64.43,,,
1972-01-11,,63.6,,,
1972-01-12,,64.7,,,
1972-01-31,103.94,,,,
1972-02-29,106.57,,,,
1972-03-30,107.2,,,,
1972-04-28,107.67,,,,
1972-05-31,109.53,,,,
1972-06-30,107.14,,,,
1972-07-31,107.39,,,,
1972-08-31,111.09,,,,
1972-09-29,110.55,,,,
1972-10-31,111.58,,,,
1972-11-30,116.67,,,,
1972-12-29,118.05,,,,
1973-01-01,,66.0,,,
1973-01-02,,85.3,,,
1973-01-03,,90.25,,,
1973-01-04,,90.7,,,
1973-01-05,,114.5,,,
1973-01-06,,123.5,,,
1973-01-07,,115.2,,,
1973-01-08,,104.0,,,
1973-01-09,,100.25,,,
1973-01-10,,97.25,,,
1973-01-11,,100.25,,,
1973-01-12,,112.25,,,
1973-01-31,116.03,,,,
1973-02-28,111.68,,,,
1973-03-30,111.52,,,,
1973-04-30,106.97,,,,
1973-05-31,104.95,,,,
1973-06-29,104.26,,,,
1973-07-31,108.22,,,,
1973-08-31,104.25,,,,
1973-09-28,108.43,,,,
1973-10-31,108.29,,,,
1973-11-30,95.96,,,,
1973-12-31,97.55,,,,
1974-01-01,,133.25,,,
1974-01-02,,169.5,,,
1974-01-03,,173.0,,,
1974-01-04,,168.5,,,
1974-01-05,,156.5,,,
1974-01-06,,146.75,,,
1974-01-07,,154.0,,,
1974-01-08,,155.25,,,
1974-01-09,,147.5,,,
1974-01-10,,166.4,,,
1974-01-11,,182.0,,,
1974-01-12,,187.5,,,
1974-01-31,96.57,,,,
1974-02-28,96.22,,,,
1974-03-29,93.98,,,,
1974-04-30,90.31,,,,
1974-05-31,87.28,,,,
1974-06-28,86.0,,,,
1974-07-31,79.31,,,,
1974-08-30,72.15,,,,
1974-09-30,63.54,,,,
1974-10-31,73.9,,,,
1974-11-29,69.97,,,,
1974-12-31,68.56,,,,
1975-01-01,,176.25,,,
1975-01-02,,181.75,,,
1975-01-03,,177.75,,,
1975-01-04,,167.4,,,
1975-01-05,,167.75,,,
1975-01-06,,166.0,,,
1975-01-07,,166.4,,,
1975-01-08,,161.5,,,
1975-01-09,,138.25,,,
1975-01-10,,143.4,,,
1975-01-11,,138.25,,,
1975-01-12,,140.25,,,
1975-01-31,76.98,,,,
1975-02-28,81.59,,,,
1975-03-31,83.36,,,,
1975-04-30,87.3,,,,
1975-05-30,91.15,,,,
1975-06-30,95.19,,,,
1975-07-31,88.75,,,,
1975-08-29,86.88,,,,
1975-09-30,83.87,,,,
1975-10-31,89.04,,,,
1975-11-28,91.24,,,,
1975-12-31,90.19,,,,
1976-01-01,,128.0,,,
1976-01-02,,132.3,,,
1976-01-03,,129.5,,,
1976-01-04,,128.15,,,
1976-01-05,,125.25,,,
1976-01-06,,123.8,,,
1976-01-07,,112.4,,,
1976-01-08,,103.05,,,
1976-01-09,,116.1,,,
1976-01-10,,122.3,,,
1976-01-11,,130.1,,,
1976-01-12,,134.55,,,
1976-01-30,100.86,,,,
1976-02-27,99.71,,,,
1976-03-31,102.77,,,,
1976-04-30,101.64,,,,
1976-05-28,100.18,,,,
1976-06-30,104.28,,,,
1976-07-30,103.44,,,,
1976-08-31,102.91,,,,
1976-09-30,105.24,,,,
1976-10-29,102.9,,,,
1976-11-30,102.1,,,,
1976-12-31,107.46,,,,
1977-01-01,,132.1,,,
1977-01-02,,142.25,,,
1977-01-03,,149.8,,,
1977-01-04,,146.5,,,
1977-01-05,,143.2,,,
1977-01-06,,142.95,,,
1977-01-07,,144.5,,,
1977-01-08,,146.0,,,
1977-01-09,,153.9,,,
1977-01-10,,160.8,,,
1977-01-11,,159.8,,,
1977-01-12,,165.6,,,
1977-01-31,102.03,,,,
1977-02-28,99.82,,,,
1977-03-31,98.42,,,,
1977-04-29,98.44,,,,
1977-05-31,96.12,,,,
1977-06-30,100.48,,,,
1977-07-29,98.85,,,,
1977-08-31,96.77,,,,
1977-09-30,96.53,,,,
1977-10-31,92.34,,,,
1977-11-30,94.83,,,,
1977-12-30,95.1,,,,
1978-01-01,,175.2,,,
1978-01-02,,182.0,,,
1978-01-03,,180.75,,,
1978-01-04,,170.0,,,
1978-01-05,,184.9,,,
1978-01-06,,183.2,,,
1978-01-07,,198.9,,,
1978-01-08,,207.3,,,
1978-01-09,,217.45,,,
1978-01-10,,243.65,,,
1978-01-11,,193.7,,,
1978-01-12,,224.5,,,
1978-01-31,89.25,,,,
1978-02-28,87.04,,,,
1978-03-31,89.21,,,,
1978-04-28,96.83,,,,
1978-05-31,97.24,,,,
1978-06-30,95.53,,,,
1978-07-31,100.68,,,,
1978-08-31,103.29,,,,
1978-09-29,102.54,,,,
1978-10-31,93.15,,,,
1978-11-30,94.7,,,,
1978-12-29,96.11,,,,
1979-01-01,,233.05,,,
1979-01-02,,250.9,,,
1979-01-03,,239.65,,,
1979-01-04,,243.45,,,
1979-01-05,,277.15,,,
1979-01-06,,276.45,,,
1979-01-07,,295.35,,,
1979-01-08,,317.75,,,
1979-01-09,,397.0,,,
1979-01-10,,379.75,,,
1979-01-11,,417.2,,,
1979-01-12,,524.0,,,
1979-01-31,99.93,,,,
1979-02-28,96.28,,,,
1979-03-30,101.59,,,,
1979-04-30,101.76,,,,
1979-05-31,99.08,,,,
1979-06-29,102.91,,,,
1979-07-31,103.81,,,,
1979-08-31,109.32,,,,
1979-09-28,109.32,,,,
1979-10-31,101.82,,,,
1979-11-30,106.16,,,,
1979-12-31,107.94,,,,
1980-01-01,,668.0,,,
1980-01-02,,640.0,,,
1980-01-03,,503.25,,,
1980-01-04,,519.25,,,
1980-01-05,,531.4,,,
1980-01-06,,662.5,,,
1980-01-07,,618.0,,,
1980-01-08,,633.75,,,
1980-01-09,,670.0,,,
1980-01-10,,636.0,,,
1980-01-11,,621.5,,,
1980-01-12,,589.5,,,
1980-01-31,114.16,,,,
1980-02-29,113.66,,,,
1980-03-31,102.09,,,,
1980-04-30,106.29,,,,
1980-05-30,111.24,,,,
1980-06-30,114.24,,,,
1980-07-31,121.67,,,,
1980-08-29,122.38,,,,
1980-09-30,125.46,,,,
1980-10-31,127.47,,,,
1980-11-28,140.52,,,,
1980-12-31,135.76,,,,
1981-01-01,,507.5,,,
1981-01-02,,490.25,,,
1981-01-03,,514.25,,,
1981-01-04,,481.0,,,
1981-01-05,,478.75,,,
1981-01-06,,421.5,,,
1981-01-07,,405.25,,,
1981-01-08,,425.5,,,
1981-01-09,,426.5,,,
1981-01-10,,429.0,,,
1981-01-11,,415.5,,,
1981-01-12,,400.0,,,
1981-01-30,129.55,,,,
1981-02-27,131.27,,,,
1981-03-31,136.0,,,,
1981-04-30,132.81,,,,
1981-05-29,132.59,,,,
1981-06-30,131.21,,,,
1981-07-31,130.92,,,,
1981-08-31,122.79,,,,
1981-09-30,116.18,,,,
1981-10-30,121.89,,,,
1981-11-30,126.35,,,,
1981-12-31,122.55,,,,
1982-01-01,,388.25,,,
1982-01-02,,363.25,,,
1982-01-03,,320.5,,,
1982-01-04,,356.75,,,
1982-01-05,,325.5,,,
1982-01-06,,314.0,,,
1982-01-07,,342.5,,,
1982-01-08,,409.6,,,
1982-01-09,,394.75,,,
1982-01-10,,422.0,,,
1982-01-11,,428.25,,,
1982-01-12,,448.0,,,
1982-01-29,120.4,,,,
1982-02-26,113.11,,,,
1982-03-31,111.96,,,,
1982-04-30,116.44,,,,
1982-05-28,111.88,,,,
1982-06-30,109.61,,,,
1982-07-30,107.09,,,,
1982-08-31,119.51,,,,
1982-09-30,120.42,,,,
1982-10-29,133.72,,,,
1982-11-30,138.53,,,,
1982-12-31,140.64,,,,
1983-01-01,,503.0,,,
1983-01-02,,419.75,,,
1983-01-03,,414.25,,,
1983-01-04,,428.5,,,
1983-01-05,,439.0,,,
1983-01-06,,416.75,,,
1983-01-07,,422.25,,,
1983-01-08,,414.5,,,
1983-01-09,,404.0,,,
1983-01-10,,383.5,,,
1983-01-11,,405.75,,,
1983-01-12,,381.5,,,
1983-01-31,145.3,,,,
1983-02-28,148.06,,,,
1983-03-31,152.96,,,,
1983-04-29,164.43,,,,
1983-05-31,162.39,,,,
1983-06-30,167.64,,,,
1983-07-29,162.56,,,,
1983-08-31,164.4,,,,
1983-09-30,166.07,,,,
1983-10-31,163.55,,,,
1983-11-30,166.4,,,,
1983-12-30,164.93,,,,
1984-01-01,,371.9,,,
1984-01-02,,396.6,,,
1984-01-03,,388.5,,,
1984-01-04,,376.2,,,
1984-01-05,,383.45,,,
1984-01-06,,375.25,,,
1984-01-07,,341.6,,,
1984-01-08,,347.7,,,
1984-01-09,,344.15,,,
1984-01-10,,334.5,,,
1984-01-11,,328.6,,,
1984-01-12,,309.0,,,
1984-01-31,163.41,,,,
1984-02-29,157.06,,,,
1984-03-30,159.18,,,,
1984-04-30,160.05,,,,
1984-05-31,150.55,,,,
1984-06-29,153.18,,,,
1984-07-31,150.66,,,,
1984-08-31,166.68,,,,
1984-09-28,166.1,,,,
1984-10-31,166.09,,,,
1984-11-30,163.58,,,,
1984-12-31,167.24,,,,
1985-01-01,,304.9,,,
1985-01-02,,290.5,,,
1985-01-03,,329.8,,,
1985-01-04,,324.65,,,
1985-01-05,,313.15,,,
1985-01-06,,316.5,,,
1985-01-07,,328.1,,,
1985-01-08,,335.75,,,
1985-01-09,,326.5,,,
1985-01-10,,325.75,,,
1985-01-11,,327.4,,,
1985-01-12,,327.0,,,
1985-01-31,179.63,,,,
1985-02-28,181.18,,,,
1985-03-29,180.66,,,,
1985-04-30,179.83,,,,
1985-05-31,189.55,,,,
1985-06-28,191.85,,,,
1985-07-31,190.92,,,,
1985-08-30,188.63,,,,
1985-09-30,182.08,,,,
1985-10-31,189.82,,,,
1985-11-29,202.17,,,,
1985-12-31,211.28,,,,
1986-01-01,,354.0,,,
1986-01-02,,338.25,,,
1986-01-03,,345.5,,,
1986-01-04,,344.75,,,
1986-01-05,,343.35,,,
1986-01-06,,345.5,,,
1986-01-07,,357.75,,,
1986-01-08,,386.0,,,
1986-01-09,,421.2,,,
1986-01-10,,401.5,,,
1986-01-11,,390.0,,,
1986-01-12,,390.9,,,
1986-01-31,211.78,,,,
1986-02-28,226.92,,,,
1986-03-31,238.9,,,,
1986-04-30,235.52,,,,
1986-05-30,247.35,,,,
1986-06-30,250.84,,,,
1986-07-31,236.12,,,,
1986-08-29,252.93,,,,
1986-09-30,231.32,,,,
1986-10-31,243.98,,,,
1986-11-28,249.22,,,,
1986-12-31,242.17,,,,
1987-01-01,,407.3,,,
1987-01-02,,405.75,,,
1987-01-03,,419.0,,,
1987-01-04,,454.5,,,
1987-01-05,,451.75,,,
1987-01-06,,447.1,,,
1987-01-07,,464.25,,,
1987-01-08,,455.9,,,
1987-01-09,,459.15,,,
1987-01-10,,468.0,,,
1987-01-11,,493.9,,,
1987-01-12,,486.5,,,
1987-01-30,274.08,,,,
1987-02-27,284.2,,,,
1987-03-31,291.7,,,,
1987-04-30,288.36,,,,
1987-05-29,290.1,,,,
1987-06-30,304.0,,,,
1987-07-31,318.66,,,,
1987-08-31,329.8,,,,
1987-09-30,321.83,,,,
1987-10-30,251.79,,,,
1987-11-30,230.3,,,,
1987-12-31,247.08,,,,
1988-01-01,,465.25,,,
1988-01-02,,423.75,,,
1988-01-03,,458.0,,,
1988-01-04,,449.75,,,
1988-01-05,,454.0,,,
1988-01-06,,436.85,,,
1988-01-07,,432.7,,,
1988-01-08,,426.35,,,
1988-01-09,,396.15,,,
1988-01-10,,412.3,,,
1988-01-11,,421.3,,,
1988-01-12,,410.15,,,
1988-01-29,257.07,,,,
1988-02-29,267.82,,,,
1988-03-31,258.89,,,,
1988-04-29,261.33,,,,
1988-05-31,262.16,,,,
1988-06-30,273.5,,,,
1988-07-29,272.02,,,,
1988-08-31,261.52,,,,
1988-09-30,271.91,,,,
1988-10-31,278.97,,,,
1988-11-30,273.7,,,,
1988-12-30,277.72,,,,
1989-01-01,,394.85,,,
1989-01-02,,386.75,,,
1989-01-03,,382.3,,,
1989-01-04,,381.3,,,
1989-01-05,,363.5,,,
1989-01-06,,371.15,,,
1989-01-07,,369.1,,,
1989-01-08,,359.6,,,
1989-01-09,,369.0,,,
1989-01-10,,376.05,,,
1989-01-11,,406.8,,,
1989-01-12,,401.0,,,
1989-01-31,297.47,,,,
1989-02-28,288.86,,,,
1989-03-31,294.87,,,,
1989-04-28,309.64,,,,
1989-05-31,320.52,,,,
1989-06-30,317.98,,,,
1989-07-31,346.08,,,,
1989-08-31,351.45,,,,
1989-09-29,349.15,,,,
1989-10-31,340.36,,,,
1989-11-30,345.99,,,,
1989-12-29,353.4,,,,
1990-01-01,,417.55,,,
1990-01-02,,409.1,,,
1990-01-03,,372.2,,,
1990-01-04,,371.55,,,
1990-01-05,,363.7,,,
1990-01-06,,352.4,,,
1990-01-07,,371.1,,,
1990-01-08,,388.1,,,
1990-01-09,,406.1,,,
1990-01-10,,379.25,,,
1990-01-11,,384.8,,,
1990-01-12,,391.0,,,
1990-01-31,329.08,,,,
1990-02-28,331.89,,,,
1990-03-30,339.94,,,,
1990-04-30,330.8,,,,
1990-05-31,361.23,,,,
1990-06-29,358.02,,,,
1990-07-31,356.15,,,,
1990-08-31,322.56,,,,
1990-09-28,306.05,,,,
1990-10-31,304.0,,,,
1990-11-30,322.22,,,,
1990-12-31,330.22,,,,
1991-01-01,,369.6,,,
1991-01-02,,363.0,,,
1991-01-03,,354.0,,,
1991-01-04,,353.45,,,
1991-01-05,,361.55,,,
1991-01-06,,366.9,,,
1991-01-07,,363.6,,,
1991-01-08,,347.0,,,
1991-01-09,,350.5,,,
1991-01-10,,357.4,,,
1991-01-11,,366.85,,,
1991-01-12,,353.4,,,
1991-01-31,343.93,,,,
1991-02-28,367.07,,,,
1991-03-28,375.22,,,,
1991-04-30,375.34,,,,
1991-05-31,389.83,,,,
1991-06-28,371.16,,,,
1991-07-31,387.81,,,,
1991-08-30,395.43,,,,
1991-09-30,387.86,,,,
1991-10-31,392.45,,,,
1991-11-29,375.22,,,,
1991-12-31,417.09,,,,
1992-01-01,,354.15,,,
1992-01-02,,353.05,,,
1992-01-03,,341.5,,,
1992-01-04,,336.25,,,
1992-01-05,,337.55,,,
1992-01-06,,343.4,,,
1992-01-07,,357.95,,,
1992-01-08,,340.5,,,
1992-01-09,,349.0,,,
1992-01-10,,338.8,,,
1992-01-11,,333.7,,,
1992-01-12,,332.9,,,
1992-01-31,408.78,,,,
1992-02-28,412.7,,,,
1992-03-31,403.69,,,,
1992-04-30,414.95,,,,
1992-05-29,415.35,,,,
1992-06-30,408.14,,,,
1992-07-31,424.21,,,,
1992-08-31,414.03,,,,
1992-09-30,417.8,,,,
1992-10-30,418.68,,,,
1992-11-30,431.35,,,,
1992-12-31,435.71,,,,
1993-01-01,,330.75,,,
1993-01-02,,328.75,,,
1993-01-03,,336.9,,,
1993-01-04,,353.45,,,
1993-01-05,,381.0,,,
1993-01-06,,379.0,,,
1993-01-07,,403.7,,,
1993-01-08,,370.6,,,
1993-01-09,,352.65,,,
1993-01-10,,369.1,,,
1993-01-11,,370.8,,,
1993-01-12,,390.65,,,
1993-01-29,438.78,,,,
1993-02-26,443.38,,,,
1993-03-31,451.67,,,,
1993-04-30,440.19,,,,
1993-05-28,450.19,,,,
1993-06-30,450.53,,,,
1993-07-30,448.13,,,,
1993-08-31,463.56,,,,
1993-09-30,458.93,,,,
1993-10-29,467.83,,,,
1993-11-30,461.79,,,,
1993-12-31,466.45,,,,
1994-01-01,,378.2,,,
1994-01-02,,380.75,,,
1994-01-03,,389.7,,,
1994-01-04,,376.45,,,
1994-01-05,,386.25,,,
1994-01-06,,385.4,,,
1994-01-07,,384.05,,,
1994-01-08,,386.25,,,
1994-01-09,,395.35,,,
1994-01-10,,387.4,,,
1994-01-11,,383.35,,,
1994-01-12,,382.5,,,
1994-01-31,481.61,,,,
1994-02-28,467.14,,,,
1994-03-31,445.77,,,,
1994-04-29,450.91,,,,
1994-05-31,456.5,,,,
1994-06-30,444.27,,,,
1994-07-29,458.26,,,,
1994-08-31,475.49,,,,
1994-09-30,462.71,,,,
1994-10-31,472.35,,,,
1994-11-30,453.69,,,,
1994-12-30,459.27,,,,
1995-01-01,,375.85,,,
1995-01-02,,375.7,,,
1995-01-03,,386.55,,,
1995-01-04,,389.5,,,
1995-01-05,,384.25,,,
1995-01-06,,387.6,,,
1995-01-07,,383.35,,,
1995-01-08,,381.65,,,
1995-01-09,,383.75,,,
1995-01-10,,382.4,,,
1995-01-11,,387.85,,,
1995-01-12,,386.7,,,
1995-01-31,470.42,,,,
1995-02-28,487.39,,,,
1995-03-31,500.71,,,,
1995-04-28,514.71,,,,
1995-05-31,533.4,,,,
1995-06-30,544.75,,,,
1995-07-31,562.06,,,,
1995-08-31,561.88,,,,
1995-09-29,584.41,,,,
1995-10-31,581.5,,,,
1995-11-30,605.37,,,,
1995-12-29,615.93,,,,
1996-01-01,,403.2,,,
1996-01-02,,400.35,,,
1996-01-03,,396.7,,,
1996-01-04,,390.15,,,
1996-01-05,,390.55,,,
1996-01-06,,381.3,,,
1996-01-07,,385.5,,,
1996-01-08,,387.25,,,
1996-01-09,,379.3,,,
1996-01-10,,379.3,,,
1996-01-11,,371.9,,,
1996-01-12,,369.55,,,
1996-01-31,636.02,,,,
1996-02-29,640.43,,,,
1996-03-29,645.5,,,,
1996-04-30,654.17,,,,
1996-05-31,669.12,,,,
1996-06-28,670.63,,,,
1996-07-31,639.95,,,,
1996-08-30,651.99,,,,
1996-09-30,687.33,,,,
1996-10-31,705.27,,,,
1996-11-29,757.02,,,,
1996-12-31,740.74,,,,
1997-01-01,,345.0,,,
1997-01-02,,360.6,,,
1997-01-03,,349.5,,,
1997-01-04,,340.45,,,
1997-01-05,,345.75,,,
1997-01-06,,334.05,,,
1997-01-07,,326.0,,,
1997-01-08,,325.4,,,
1997-01-09,,328.75,,,
1997-01-10,,310.4,,,
1997-01-11,,296.9,,,
1997-01-12,,289.2,,,
1997-01-31,786.16,,,,
1997-02-28,790.82,,,,
1997-03-31,757.12,,,,
1997-04-30,801.34,,,,
1997-05-30,848.28,,,,
1997-06-30,885.14,,,,
1997-07-31,954.31,,,,
1997-08-29,899.47,,,,
1997-09-30,947.28,,,,
1997-10-31,914.62,,,,
1997-11-28,955.4,,,,
1997-12-31,970.43,,,,
1998-01-01,,301.8,,,
1998-01-02,,296.55,,,
1998-01-03,,299.9,,,
1998-01-04,,310.7,,,
1998-01-05,,292.4,,,
1998-01-06,,295.75,,,
1998-01-07,,289.4,,,
1998-01-08,,273.4,,,
1998-01-09,,294.1,,,
1998-01-10,,293.1,,,
1998-01-11,,295.75,,,
1998-01-12,,287.45,,,
1998-01-30,980.28,,,,
1998-02-27,1049.34,,,,
1998-03-31,1101.75,,,,
1998-04-30,1111.75,,,,
1998-05-29,1090.82,,,,
1998-06-30,1133.84,,,,
1998-07-31,1120.67,,,,
1998-08-31,957.28,,,,
1998-09-30,1017.01,,,,
1998-10-30,1098.67,,,,
1998-11-30,1163.63,,,,
1998-12-31,1229.23,,,,
1999-01-01,,285.65,,,
1999-01-02,,286.8,,,
1999-01-03,,279.8,,,
1999-01-04,,285.85,,,
1999-01-05,,271.05,,,
1999-01-06,,261.2,,,
1999-01-07,,256.75,,,
1999-01-08,,254.6,,,
1999-01-09,,303.75,,,
1999-01-10,,298.85,,,
1999-01-11,,292.0,,,
1999-01-12,,290.85,,,
1999-01-29,1279.64,,,,
1999-02-26,1238.33,,,,
1999-03-31,1286.37,,,,
1999-04-30,1335.18,,,,
1999-05-28,1301.84,,,,
1999-06-30,1372.71,,,,
1999-07-30,1328.72,,,,
1999-08-31,1320.41,,,,
1999-09-30,1282.71,,,,
1999-10-29,1362.93,,,,
1999-11-30,1388.91,,,,
1999-12-31,1469.25,,,,
2000-01-01,,283.05,,,
2000-01-02,,294.0,,,
2000-01-03,,275.9,,,
2000-01-04,,275.85,,,
2000-01-05,,272.25,,,
2000-01-06,,289.15,,,
2000-01-07,,277.4,,,
2000-01-08,,274.95,,,
2000-01-09,,274.1,,,
2000-01-10,,263.8,,,
2000-01-11,,267.0,,,
2000-01-12,,272.65,,,
2000-01-31,1394.46,,,,
2000-02-29,1366.42,,,,
2000-03-31,1498.58,,,,
2000-04-28,1452.43,,,,
2000-05-31,1420.6,,,,
2000-06-30,1454.6,,,,
2000-07-31,1430.83,,,,
2000-08-31,1517.68,,,,
2000-09-29,1436.51,,,,
2000-10-31,1429.4,,,,
2000-11-30,1314.95,,,,
2000-12-29,1320.28,,,,
2001-01-01,,266.2,,,
2001-01-02,,265.0,,,
2001-01-03,,259.05,,,
2001-01-04,,263.45,,,
2001-01-05,,266.1,,,
2001-01-06,,269.9,,,
2001-01-07,,265.55,,,
2001-01-08,,275.35,,,
2001-01-09,,290.85,,,
2001-01-10,,280.95,,,
2001-01-11,,274.7,,,
2001-01-12,,276.5,,,
2001-01-31,1366.01,,,,
2001-02-28,1239.94,,,,
2001-03-30,1160.33,,,,
2001-04-30,1249.46,,,,
2001-05-31,1255.82,,,,
2001-06-29,1224.38,,,,
2001-07-31,1211.23,,,,
2001-08-31,1133.58,,,,
2001-09-28,1040.94,,,,
2001-10-31,1059.78,,,,
2001-11-30,1139.45,,,,
2001-12-31,1148.08,,,,
2002-01-01,,281.5,,,
2002-01-02,,296.55,,,
2002-01-03,,303.0,,,
2002-01-04,,309.35,,,
2002-01-05,,327.25,,,
2002-01-06,,319.05,,,
2002-01-07,,305.5,,,
2002-01-08,,312.4,,,
2002-01-09,,322.4,,,
2002-01-10,,316.35,,,
2002-01-11,,318.25,,,
2002-01-12,,342.75,,,
2002-01-31,1130.2,,,,
2002-02-28,1106.73,,,,
2002-03-28,1147.39,,,,
2002-04-30,1076.92,,,,
2002-05-31,1067.14,,,,
2002-06-28,989.82,,,,
2002-07-31,911.62,,,,
2002-08-30,916.07,,,,
2002-09-30,815.28,,,,
2002-10-31,885.76,,,,
2002-11-29,936.31,,,,
2002-12-31,879.82,,,,
2003-01-01,,370.35,,,
2003-01-02,,347.65,,,
2003-01-03,,335.35,,,
2003-01-04,,336.0,,,
2003-01-05,,365.8,,,
2003-01-06,,345.15,,,
2003-01-07,,355.75,,,
2003-01-08,,371.0,,,
2003-01-09,,384.5,,,
2003-01-10,,384.6,,,
2003-01-11,,398.1,,,
2003-01-12,,417.25,,,
2003-01-31,855.7,,,,
2003-02-28,841.15,,,,
2003-03-31,848.18,,,,
2003-04-30,916.92,,,,
2003-05-30,963.59,,,,
2003-06-30,974.5,,,,
2003-07-31,990.31,,,,
2003-08-29,1008.01,,,,
2003-09-30,995.97,,,,
2003-10-31,1050.71,,,,
2003-11-28,1058.2,,,,
2003-12-31,1111.92,,,,
2004-01-01,,401.3,,,
2004-01-02,,392.25,,,
2004-01-03,,423.0,,,
2004-01-04,,387.3,,,
2004-01-05,,393.85,,,
2004-01-06,,393.75,,,
2004-01-07,,389.6,,,
2004-01-08,,408.1,,,
2004-01-09,,412.35,,,
2004-01-10,,426.2,,,
2004-01-11,,452.0,,,
2004-01-12,,438.0,,,
2004-01-30,1131.13,,,,
2004-02-27,1144.94,,,,
2004-03-31,1126.21,,,,
2004-04-30,1107.3,,,,
2004-05-28,1120.68,,,,
2004-06-30,1140.84,,,,
2004-07-30,1101.72,,,,
2004-08-31,1104.24,,,,
2004-09-30,1114.58,,,,
2004-10-29,1130.2,,,,
2004-11-30,1173.82,,,,
2004-12-31,1211.92,,,,
2005-01-01,,423.8,,,
2005-01-02,,436.55,,,
2005-01-03,,427.5,,,
2005-01-04,,433.2,,,
2005-01-05,,416.9,,,
2005-01-06,,436.8,,,
2005-01-07,,427.15,,,
2005-01-08,,433.0,,,
2005-01-09,,473.4,,,
2005-01-10,,472.65,,,
2005-01-11,,493.8,,,
2005-01-12,,513.0,,,
2005-01-31,1181.27,,,,
2005-02-28,1203.6,,,,
2005-03-31,1180.59,,,,
2005-04-29,1156.85,,,,
2005-05-31,1191.5,,,,
2005-06-30,1191.33,,,,
2005-07-29,1234.18,,,,
2005-08-31,1220.33,,,,
2005-09-30,1228.81,,,,
2005-10-31,1207.01,,,,
2005-11-30,1249.48,,,,
2005-12-30,1248.29,,,,
2006-01-01,,569.8,,,
2006-01-02,,556.5,,,
2006-01-03,,584.0,,,
2006-01-04,,638.25,,,
2006-01-05,,654.0,,,
2006-01-06,,600.4,,,
2006-01-07,,637.0,,,
2006-01-08,,621.75,,,
2006-01-09,,601.75,,,
2006-01-10,,600.9,,,
2006-01-11,,638.4,,,
2006-01-12,,635.7,,,
2006-01-31,1280.08,,,,
2006-02-28,1280.66,,,,
2006-03-31,1294.87,,,,
2006-04-28,1310.61,,,,
2006-05-31,1270.09,,,,
2006-06-30,1270.2,,,,
2006-07-31,1276.66,,,,
2006-08-31,1303.82,,,,
2006-09-29,1335.85,,,,
2006-10-31,1377.94,,,,
2006-11-30,1400.63,,,,
2006-12-29,1418.3,,,,
2007-01-01,,645.75,,,
2007-01-02,,677.0,,,
2007-01-03,,663.5,,,
2007-01-04,,678.0,,,
2007-01-05,,656.6,,,
2007-01-06,,648.5,,,
2007-01-07,,666.75,,,
2007-01-08,,668.0,,,
2007-01-09,,737.75,,,
2007-01-10,,783.0,,,
2007-01-11,,794.75,,,
2007-01-12,,836.5,,,
2007-01-31,1438.24,,,,
2007-02-28,1406.82,,,,
2007-03-30,1420.86,,,,
2007-04-30,1482.37,,,,
2007-05-31,1530.62,,,,
2007-06-29,1503.35,,,,
2007-07-31,1455.27,,,,
2007-08-31,1473.99,,,,
2007-09-28,1526.75,,,,
2007-10-31,1549.38,,,,
2007-11-30,1481.14,,,,
2007-12-31,1468.36,,,,
2008-01-01,,923.75,,,
2008-01-02,,969.0,,,
2008-01-03,,937.25,,,
2008-01-04,,867.75,,,
2008-01-05,,879.5,,,
2008-01-06,,932.75,,,
2008-01-07,,912.0,,,
2008-01-08,,836.5,,,
2008-01-09,,897.0,,,
2008-01-10,,728.5,,,
2008-01-11,,813.5,,,
2008-01-12,,865.0,,,
2008-01-31,1378.55,,,,
2008-02-29,1330.63,,,,
2008-03-31,1322.7,,,,
2008-04-30,1385.59,,,,
2008-05-30,1400.38,,,,
2008-06-30,1280.0,,,,
2008-07-31,1267.38,,,,
2008-08-29,1282.83,,,,
2008-09-30,1166.36,,,,
2008-10-31,968.75,,,,
2008-11-28,896.24,,,,
2008-12-31,903.25,,,,
2009-01-01,,918.5,,,
2009-01-02,,943.75,,,
2009-01-03,,918.5,,,
2009-01-04,,889.0,,,
2009-01-05,,972.0,,,
2009-01-06,,941.0,,,
2009-01-07,,936.5,,,
2009-01-08,,950.75,,,
2009-01-09,,1001.25,,,
2009-01-10,,1044.5,,,
2009-01-11,,1172.0,,,
2009-01-12,,1104.0,,,
2009-01-30,825.88,,,,
2009-02-27,735.09,,,,
2009-03-31,797.87,,,,
2009-04-30,872.81,,,,
2009-05-29,919.14,,,,
2009-06-30,919.32,,,,
2009-07-31,987.48,,,,
2009-08-31,1020.62,,,,
2009-09-30,1057.08,,,,
2009-10-30,1036.19,,,,
2009-11-30,1095.63,,,,
2009-12-31,1115.1,,,,
2010-01-01,,1082.75,,,
2010-01-02,,1112.5,,,
2010-01-03,,1109.5,,,
2010-01-04,,1175.25,,,
2010-01-05,,1214.0,,,
2010-01-06,,1240.5,,,
2010-01-07,,1168.0,,,
2010-01-08,,1233.5,,,
2010-01-09,,1311.0,,,
2010-01-10,,1336.75,,,
2010-01-11,,1375.0,,,
2010-01-12,,1410.25,,,
2010-01-29,1073.87,,,,
2010-02-26,1104.49,,,,
2010-03-31,1169.43,,,,
2010-04-30,1186.69,,,,
2010-05-28,1089.41,,,,
2010-06-30,1030.71,,,,
2010-07-30,1101.6,,,,
2010-08-31,1049.33,,,,
2010-09-30,1141.2,,,,
2010-10-29,1183.26,,,,
2010-11-30,1180.55,,,,
2010-12-31,1257.64,,,,
2011-01-01,,1333.5,,,
2011-01-02,,1409.75,,,
2011-01-03,,1431.0,,,
2011-01-04,,1531.0,,,
2011-01-05,,1537.0,,,
2011-01-06,,1508.0,,,
2011-01-07,,1613.75,,,
2011-01-08,,1826.0,,,
2011-01-09,,1629.0,,,
2011-01-10,,1718.0,,,
2011-01-11,,1704.0,,,
2011-01-12,,1574.5,,,
2011-01-31,1286.12,,,,
2011-02-28,1327.22,,,,
2011-03-31,1325.83,,,,
2011-04-29,1363.61,,,,
2011-05-31,1345.2,,,,
2011-06-30,1320.64,,,,
2011-07-29,1292.28,,,,
2011-08-31,1218.89,,,,
2011-09-30,1131.42,,,,
2011-10-31,1253.3,,,,
2011-11-30,1246.96,,,,
2011-12-30,1257.6,,,,
2012-01-01,,1738.0,,,
2012-01-02,,1788.0,,,
2012-01-03,,1660.75,,,
2012-01-04,,1662.5,,,
2012-01-05,,1567.5,,,
2012-01-06,,1569.5,,,
2012-01-07,,1622.75,,,
2012-01-08,,1657.75,,,
2012-01-09,,1781.0,,,
2012-01-10,,1718.0,,,
2012-01-11,,1728.25,,,
2012-01-12,,1664.0,,,
2012-01-31,1312.41,,,,
2012-02-29,1365.68,,,,
2012-03-30,1408.47,,,,
2012-04-30,1397.91,,,,
2012-05-31,1310.33,,,,
2012-06-29,1362.16,,,,
2012-07-31,1379.32,,,,
2012-08-31,1406.58,,,,
2012-09-28,1440.67,,,,
2012-10-31,1412.16,,,,
2012-11-30,1416.18,,,,
2012-12-31,1426.19,,,,
2013-01-01,,1674.5,,,
2013-01-02,,1591.0,,,
2013-01-03,,1602.5,,,
2013-01-04,,1472.75,,,
2013-01-05,,1410.25,,,
2013-01-06,,1203.25,,,
2013-01-07,,1331.5,,,
2013-01-08,,1392.75,,,
2013-01-09,,1335.75,,,
2013-01-10,,1333.75,,,
2013-01-11,,1245.25,,,
2013-01-12,,1201.5,,,
2013-01-31,1498.11,,,,
2013-02-28,1514.68,,,,
2013-03-28,1569.19,,,,
2013-04-30,1597.57,,,,
2013-05-31,1630.74,,,,
2013-06-28,1606.28,,,,
2013-07-31,1685.73,,,,
2013-08-30,1632.97,,,,
2013-09-30,1681.55,,,,
2013-10-31,1756.54,,,,
2013-11-29,1805.81,,,,
2013-12-31,1848.36,,,,
2014-01-01,,1246.5,,,
2014-01-02,,1327.75,,,
2014-01-03,,1294.0,,,
2014-01-04,,1292.0,,,
2014-01-05,,1254.0,,,
2014-01-06,,1313.0,,,
2014-01-07,,1295.0,,,
2014-01-08,,1285.75,,,
2014-01-09,,1210.0,,,
2014-01-10,,1173.25,,,
2014-01-11,,1184.5,,,
2014-01-12,,1199.25,,,
2014-01-31,1782.59,,,,
2014-02-28,1859.45,,,,
2014-03-31,1872.34,,,,
2014-04-30,1883.95,,,,
2014-05-30,1923.57,,,,
2014-06-30,1960.23,,,,
2014-07-31,1930.67,,,,
2014-08-29,2003.37,,,,
2014-09-30,1972.29,,,,
2014-10-31,2018.05,,,,
2014-11-28,2067.56,,,,
2014-12-31,2058.9,,,,
2015-01-01,,1263.5,,,
2015-01-02,,1205.0,,,
2015-01-03,,1179.25,,,
2015-01-04,,1204.3,,,
2015-01-05,,1189.8,,,
2015-01-06,,1171.8,,,
2015-01-07,,1095.1,,,
2015-01-08,,1132.5,,,
2015-01-09,,1115.2,,,
2015-01-10,,1141.4,,,
2015-01-11,,1065.3,,,
2015-01-12,,1060.2,,,
2015-01-30,1994.99,,,,
2015-02-27,2104.5,,,,
2015-03-31,2067.89,,,,
2015-04-30,2085.51,,,,
2015-05-29,2107.39,,,,
2015-06-30,2063.11,,,,
2015-07-31,2103.84,,,,
2015-08-31,1972.18,,,,
2015-09-30,1920.03,,,,
2015-10-30,2079.36,,,,
2015-11-30,2080.41,,,,
2015-12-31,2043.94,,,,
2016-01-01,,1116.4,,,
2016-01-02,,1234.4,,,
2016-01-03,,1235.6,,,
2016-01-04,,1290.5,,,
2016-01-05,,1217.5,,,
2016-01-06,,1320.6,,,
2016-01-07,,1357.5,,,
2016-01-08,,1311.4,,,
2016-01-09,,1317.1,,,
2016-01-10,,1273.1,,,
2016-01-11,,1173.9,,,
2016-01-12,,1151.7,,,
2016-01-29,1940.24,,,,
2016-02-29,1932.23,,,,
2016-03-31,2059.74,,,,
2016-04-29,2065.3,,,,
2016-05-31,2096.96,,,,
2016-06-30,2098.86,,,,
2016-07-29,2173.6,,,,
2016-08-31,2170.95,,,,
2016-09-30,2168.27,,,,
2016-10-31,2126.15,,,,
2016-11-30,2198.81,,,,
2016-12-30,2238.83,,,,
2017-01-01,,1211.4,,,
2017-01-02,,1253.9,,,
2017-01-03,,1251.2,,,
2017-01-04,,1268.3,,,
2017-01-05,,1275.4,,,
2017-01-06,,1242.3,,,
2017-01-07,,1273.4,,,
2017-01-08,,1322.2,,,
2017-01-09,,1284.8,,,
2017-01-10,,1270.5,,,
2017-01-11,,1282.15,,,
2017-01-12,,1296.5,,,
2017-01-31,2278.87,,,,
2017-02-28,2363.64,,,,
2017-03-31,2362.72,,,,
2017-04-28,2384.2,,,,
2017-05-31,2411.8,,,,
2017-06-30,2423.41,,,,
2017-07-31,2470.3,,,,
2017-08-31,2471.65,,,,
2017-09-29,2519.36,,,,
2017-10-31,2575.26,,,,
2017-11-30,2647.58,,,,
2017-12-29,2673.61,,,,
2018-01-01,,1343.35,,,
2018-01-02,,1320.3,,,
2018-01-03,,1323.9,,,
2018-01-04,,1316.25,,,
2018-01-05,,1303.5,,,
2018-01-06,,1250.55,,,
2018-01-07,,1219.2,,,
2018-01-08,,1206.85,,,
2018-01-09,,1183.5,,,
2018-01-10,,1217.7,,,
2018-01-11,,1220.45,,,
2018-01-12,,1281.65,,,
2018-01-31,2823.81,,,,
2018-02-28,2713.83,,,,
2018-03-29,2640.87,,,,
2018-04-30,2648.05,,,,
2018-05-31,2705.27,,,,
2018-06-29,2718.37,,,,
2018-07-31,2816.29,,,,
2018-08-31,2901.52,,,,
2018-09-28,2913.98,,,,
2018-10-31,2711.74,,,,
2018-11-30,2760.17,,,,
2018-12-31,2506.85,,,,
2019-01-01,,1322.5,,,
2019-01-02,,1325.45,,,
2019-01-03,,1291.15,,,
2019-01-04,,1285.15,,,
2019-01-05,,1296.0,,,
2019-01-06,,1413.2,,,
2019-01-07,,1430.55,,,
2019-01-08,,1526.55,,,
2019-01-09,,1487.6,,,
2019-01-10,,1506.4,,,
2019-01-11,,1456.35,,,
2019-01-12,,1523.0,,,
2019-01-31,2704.1,,,,
2019-02-28,2784.49,,,,
2019-03-29,2834.4,,,,
2019-04-30,2945.83,,,,
2019-05-31,2752.06,,,,
2019-06-28,2941.76,,,,
2019-07-31,2980.38,,,,
2019-08-30,2926.46,,,,
2019-09-30,2976.74,,,,
2019-10-31,3037.56,,,,
2019-11-29,3140.98,,,,
2019-12-31,3230.78,,,,
2020-01-01,,1580.85,,,
2020-01-02,,1626.35,,,
2020-01-03,,1604.65,,,
2020-01-04,,1716.75,,,
2020-01-05,,1725.65,,,
2020-01-06,,1770.7,,,
2020-01-07,,1971.68,,,
2020-01-08,,1970.5,,,
2020-01-09,,1893.9,,,
2020-01-10,,1879.9,,,
2020-01-11,,1779.86,,,
2020-01-12,,1895.1,,,
2020-01-31,3225.52,,,,
2020-02-28,2954.22,,,,
2020-03-31,2584.59,,,,
2020-04-30,2912.43,,,,
2020-05-29,3044.31,,,,
2020-06-30,3100.29,,,,
2020-07-31,3271.12,,,,
2020-08-31,3500.31,,,,
2020-09-30,3363.0,,,,
2020-10-30,3269.96,,,,
2020-11-30,3621.63,,,,
2020-12-31,3756.07,,,,
2021-01-01,,1849.7,,,
2021-01-02,,1728.8,,,
2021-01-03,,1715.24,,,
2021-01-04,,1767.7,,,
2021-01-05,,1904.74,,,
2021-01-06,,1771.6,,,
2021-01-07,,1814.12,,,
2021-01-08,,1815.8,,,
2021-01-09,,1756.66,,,
2021-01-10,,1783.9,,,
2021-01-11,,1775.92,,,
2021-01-12,,1828.6,,,
2021-01-29,3714.24,,,,
2021-02-26,3811.15,,,,
2021-03-31,3972.89,,,,
2021-04-30,4181.17,,,,
2021-05-28,4204.11,,,,
2021-06-30,4297.5,,,,
2021-07-30,4395.26,,,,
2021-08-31,4522.68,,,,
2021-09-30,4307.54,,,,
2021-10-29,4605.38,,,,
2021-11-30,4567.0,,,,
2021-12-31,4766.18,,,,
2022-01-01,,1796.12,,,
2022-01-02,,1900.7,,,
2022-01-03,,1953.04,,,
2022-01-04,,1911.7,,,
2022-01-05,,1847.26,,,
2022-01-06,,1817.4548,,,
2022-01-07,,1766.4309,,,
2022-01-08,,1708.58,,,
2022-01-09,,1660.8799,,,
2022-01-10,,1632.38,,,
2022-01-11,,1768.61,,,
2022-01-12,,1824.3233,,,
2022-01-31,4515.55,,,,
2022-02-28,4373.94,,,,
2022-03-31,4530.41,,,,
2022-04-29,4131.93,,,,
2022-05-31,4132.15,,,,
2022-06-30,3785.38,,,,
2022-07-29,4130.29,,,,
2022-08-31,3955.0,,,,
2022-09-30,3585.62,,,,
2022-10-31,3871.98,,,,
2022-11-30,4080.11,,,,
2022-12-31,3839.5,,,,
2023-01-01,,1928.1201,,,
2023-01-02,,1826.7404,,,
2023-01-03,,1969.5459,,,
2023-01-04,,1990.6,,,
2023-01-05,,1965.2,,,
2023-01-06,,1919.5693,,,
2023-01-07,,1964.3387,,,
2023-01-08,,1939.8281,,,
2023-01-09,,1848.4898,,,
2023-01-10,,1984.0109,,,
2023-01-11,,2044.8957,,,
2023-01-12,,2062.9233,,,
2023-01-31,4076.6,,,,
2023-02-28,3970.15,,,,
2023-03-31,4109.31,,,,
2023-04-28,4169.48,,,,
2023-05-31,4179.83,,,,
2023-06-30,4450.38,,,,
2023-07-31,4588.96,,,,
2023-08-31,4507.66,,,,
2023-09-29,4288.05,,,,
2023-10-31,4193.8,,,,
2023-11-30,4567.8,,,,
2023-12-29,4769.83,,,,
2024-01-01,,2039.1538,,,
2024-01-02,,2044.1997,,,
2024-01-03,,2231.5551,,,
2024-01-04,,2285.9886,,,
2024-01-05,,2327.2836,,,
2024-01-06,,2326.7177,,,
2024-01-07,,2447.3573,,,
2024-01-08,,2503.3796,,,
2024-01-09,,2634.7649,,,
2024-01-10,,2746.7019,,,
2024-01-11,,2651.2196,,,
2024-01-12,,2624.603,,,
2024-01-31,4845.65,,,,
2024-02-29,5096.27,,,,
2024-03-28,5254.35,,,,
2024-04-30,5035.69,,,,
2024-05-31,5277.51,,,,
2024-06-28,5460.48,,,,
2024-07-31,5522.3,,,,
2024-08-30,5648.4,,,,
2024-09-30,5762.48,,,,
2024-10-31,5705.45,,,,
2024-11-29,6032.38,,,,
2024-12-31,5881.63,,,,
2025-01-01,,2798.1969,,,
2025-01-02,,2858.0493,,,
2025-01-03,,3123.0822,,,
2025-01-04,,3288.7814,,,
2025-01-05,,3289.5548,,,
2025-01-06,,3266.4101,,,
2025-01-07,,3285.7772,,,
2025-01-08,,3373.9558,,,
2025-01-09,,3643.193,,,
2025-01-31,6040.53,,,,
2025-02-28,5954.5,,,,
2025-03-31,5611.85,,,,
2025-04-30,5569.06,,,,
2025-05-30,5911.69,,,,
2025-06-30,6204.95,,,,
2025-07-31,6339.39,,,,
2025-08-29,6460.26,,,,
2025-09-08,6495.15,,,,
